Title ,Url
"Reslate roof, alteration to existing garage, demolition of existingouthouses ",/online-applications/applicationDetails.do?keyVal=ZZZY9UBZSK158&activeTab=summary
"Erection of external cold store, chill room and drygoods area. ",/online-applications/applicationDetails.do?keyVal=ZZZY9UBZSK162&activeTab=summary
"Formation of a driveway ",/online-applications/applicationDetails.do?keyVal=ZZZY9UBZSK159&activeTab=summary
"Change of use from flat to office accommodation ",/online-applications/applicationDetails.do?keyVal=ZZZY9UBZSK157&activeTab=summary
Replace skylights with 2 No.velux roof lights,/online-applications/applicationDetails.do?keyVal=ZZZY9UBZSK160&activeTab=summary
"Retain the use of temporary accommodation, site works and accessgranted under Application Reference No.A3/0575, and extended under Application Reference No.A6/0987 ",/online-applications/applicationDetails.do?keyVal=ZZZY9UBZSK165&activeTab=summary
"New trades counter and warehouse facility, customer car park anddeliveries/collection access ",/online-applications/applicationDetails.do?keyVal=ZZZY9UBZSK172&activeTab=summary
"Retain the use of temporary accommodation, site works and access granted under Application Reference No.A3/0574, and extended under Application Reference No.A6/0986 ",/online-applications/applicationDetails.do?keyVal=ZZZY9UBZSK164&activeTab=summary
"House extension and remove garage and erect store, new access to rear lane ",/online-applications/applicationDetails.do?keyVal=ZZZY9UBZSK161&activeTab=summary
"Alterations and refurbishment of existing shopfront and restaurantentrance ",/online-applications/applicationDetails.do?keyVal=ZZZY9UBZSK274&activeTab=summary
"Erection of a domestic garage ",/online-applications/applicationDetails.do?keyVal=ZZZY9UBZSK307&activeTab=summary
"Replacement windows ",/online-applications/applicationDetails.do?keyVal=ZZZY9UBZSK176&activeTab=summary
Remove existing outbuilding and extend existing garage,/online-applications/applicationDetails.do?keyVal=ZZZY9UBZSK177&activeTab=summary
"Removal of part of existing dwellinghouse and alterations and extension to existing dwellinghouse ",/online-applications/applicationDetails.do?keyVal=ZZZY9UBZSK173&activeTab=summary
"Reslate roof, alterations to existing garage, demolition of outhouses ",/online-applications/applicationDetails.do?keyVal=ZZZY9UBZSK175&activeTab=summary
Residential Development,/online-applications/applicationDetails.do?keyVal=ZZZY9UBZSK183&activeTab=summary
"House extension ",/online-applications/applicationDetails.do?keyVal=ZZZY9UBZSK186&activeTab=summary
"Erection of a domestic garage ",/online-applications/applicationDetails.do?keyVal=ZZZY9UBZSK185&activeTab=summary
"House extension ",/online-applications/applicationDetails.do?keyVal=ZZZY9UBZSK184&activeTab=summary
"Boundary wall repairs ",/online-applications/applicationDetails.do?keyVal=ZZZY9UBZSK182&activeTab=summary
"House extension ",/online-applications/applicationDetails.do?keyVal=ZZZY9UBZSK275&activeTab=summary
"House extension and garage ",/online-applications/applicationDetails.do?keyVal=ZZZY9UBZSK198&activeTab=summary
"Erection of a car port ",/online-applications/applicationDetails.do?keyVal=ZZZY9UBZSK295&activeTab=summary
"House extension ",/online-applications/applicationDetails.do?keyVal=ZZZY9UBZSK296&activeTab=summary
"Extension, replacement roof and new wall/window to replace existing garage door ",/online-applications/applicationDetails.do?keyVal=ZZZY9UBZSK297&activeTab=summary
"House extension ",/online-applications/applicationDetails.do?keyVal=ZZZY9UBZSK205&activeTab=summary
Formation of a driveway,/online-applications/applicationDetails.do?keyVal=ZZZY9UBZSK204&activeTab=summary
"Erection of a conservatory ",/online-applications/applicationDetails.do?keyVal=ZZZY9UBZSK308&activeTab=summary
"Installation of open lattice security grill at front entrance ",/online-applications/applicationDetails.do?keyVal=ZZZY9UBZSK201&activeTab=summary
"Propsed application for change of use from storage and distribution warehouse (Class 6) to mixed use storage and distribution warehouse(Class 6) and retail/trade showroom (Class 1) ",/online-applications/applicationDetails.do?keyVal=ZZZY9UBZSK200&activeTab=summary
"House extension ",/online-applications/applicationDetails.do?keyVal=ZZZY9UBZSK206&activeTab=summary
"Erection of a domestic garage ",/online-applications/applicationDetails.do?keyVal=ZZZY9UBZSK207&activeTab=summary
"Build extension at rear to form kitchen and bathroom, build stormporch over front entrance door ",/online-applications/applicationDetails.do?keyVal=ZZZY9UBZSK272&activeTab=summary
"Change of house type, repositioning within site, (Approval alreadyreceived for replacement house Ref No.A7/2242 Approved 3/3/2008)",/online-applications/applicationDetails.do?keyVal=ZZZY9UBZSK273&activeTab=summary
"House extension & porch ",/online-applications/applicationDetails.do?keyVal=ZZZY9UBZSK212&activeTab=summary
"Replacement windows ",/online-applications/applicationDetails.do?keyVal=ZZZY9UBZSK214&activeTab=summary
"House extension and domestic garage ",/online-applications/applicationDetails.do?keyVal=ZZZY9UBZSK213&activeTab=summary
"Proposed change of use from offices to flat ",/online-applications/applicationDetails.do?keyVal=ZZZY9UBZSK211&activeTab=summary
"New internal sub dividing partitions,formation of new shopfronts and entrances and infill of large rear access doorway ",/online-applications/applicationDetails.do?keyVal=ZZZY9UBZSK276&activeTab=summary
"House extension ",/online-applications/applicationDetails.do?keyVal=ZZZY9UBZSK226&activeTab=summary
Demolition of Oakbank School lodge house,/online-applications/applicationDetails.do?keyVal=ZZZY9UBZSK216&activeTab=summary
"Sub division of existing class 1 retail shop into two class 1 retail units & public house, formation of new shop fronts & entrances (Renewal of previous approval) ",/online-applications/applicationDetails.do?keyVal=ZZZY9UBZSK219&activeTab=summary
"Change of use to form restaurant, bedrooms and office accommodation ",/online-applications/applicationDetails.do?keyVal=ZZZY9UBZSK217&activeTab=summary
"Replacement windows ",/online-applications/applicationDetails.do?keyVal=ZZZY9UBZSK225&activeTab=summary
"Rooflight and conversion of loft to bedrooms ",/online-applications/applicationDetails.do?keyVal=ZZZY9UBZSK224&activeTab=summary
"Proposed Stable Block ",/online-applications/applicationDetails.do?keyVal=ZZZY9UBZSK220&activeTab=summary
"Loft conversion ",/online-applications/applicationDetails.do?keyVal=ZZZY9UBZSK221&activeTab=summary
"Window replacement/alteration ",/online-applications/applicationDetails.do?keyVal=ZZZY9UBZSK230&activeTab=summary
"House extension ",/online-applications/applicationDetails.do?keyVal=ZZZY9UBZSK223&activeTab=summary
"Replacement windows ",/online-applications/applicationDetails.do?keyVal=ZZZY9UBZSK227&activeTab=summary
"Change of use from shop to dwelling flat & single storey rear extension (Renewal of previous approval 97/2261) ",/online-applications/applicationDetails.do?keyVal=ZZZY9UBZSK218&activeTab=summary
"Formation of french doors ",/online-applications/applicationDetails.do?keyVal=ZZZY9UBZSK222&activeTab=summary
"House extension ",/online-applications/applicationDetails.do?keyVal=ZZZY9UBZSK228&activeTab=summary
"House extension ",/online-applications/applicationDetails.do?keyVal=ZZZY9UBZSK229&activeTab=summary
"Change of use from office to chip shop managers flat and formation ofnew access stairway ",/online-applications/applicationDetails.do?keyVal=ZZZY9UBZSK309&activeTab=summary
"Demolish buildings, erect office business park with supporting uses- gym, cafe, convenience store, nursery erect 4 No.1.5 storey residential properties with access, parking and associated works.",/online-applications/applicationDetails.do?keyVal=ZZZY9UBZSK215&activeTab=summary
Erection of single 22.5m wind turbine-Alternative location (Plan RefP090277),/online-applications/applicationDetails.do?keyVal=ZZZY9UBZSK235&activeTab=summary
"Installation of lift internally and ramp externally for disabledaccess within building ",/online-applications/applicationDetails.do?keyVal=ZZZY9UBZSK232&activeTab=summary
"Window/door replacement and internal alterations ",/online-applications/applicationDetails.do?keyVal=ZZZY9UBZSK231&activeTab=summary
"Installation of lift internally and ramp externally for disabledaccess within building ",/online-applications/applicationDetails.do?keyVal=ZZZY9UBZSK233&activeTab=summary
"Formation of dormer window ",/online-applications/applicationDetails.do?keyVal=ZZZY9UBZSK236&activeTab=summary
"Change of use of area of rear garden ground at 1 Rowan Road to allow construction of extension to previously approved retail premises (PlanRef A8/1549) ",/online-applications/applicationDetails.do?keyVal=ZZZY9UBZSK234&activeTab=summary
"House extension ",/online-applications/applicationDetails.do?keyVal=ZZZY9UBZSK277&activeTab=summary
"Extension to garage and alterations ",/online-applications/applicationDetails.do?keyVal=ZZZY9UBZSK237&activeTab=summary
Change of use of fish and chip/hot food takeaway to hotel bedrooms andextension to existing hotel bedrooms,/online-applications/applicationDetails.do?keyVal=ZZZY9UBZSK310&activeTab=summary
"Alterations and extension to existing industrial building and car park. ",/online-applications/applicationDetails.do?keyVal=ZZZY9UBZSK247&activeTab=summary
"Formation of dormer window ",/online-applications/applicationDetails.do?keyVal=ZZZY9UBZSK249&activeTab=summary
"Erection of non illuminated sign board ",/online-applications/applicationDetails.do?keyVal=ZZZY9UBZSK248&activeTab=summary
"House extension ",/online-applications/applicationDetails.do?keyVal=ZZZY9UBZSK250&activeTab=summary
"Proposed demolition of existing chip shop, form new hot food take-awaywith staff accommodation above ",/online-applications/applicationDetails.do?keyVal=ZZZY9UBZSK261&activeTab=summary
"Replace windows ",/online-applications/applicationDetails.do?keyVal=ZZZY9UBZSK251&activeTab=summary
Change of use from offices to form hot food takeaway,/online-applications/applicationDetails.do?keyVal=ZZZY9UBZSK252&activeTab=summary
"House extension ",/online-applications/applicationDetails.do?keyVal=ZZZY9UBZSK256&activeTab=summary
"Change of use of property from boarding house to residential family home, alterations to existing conservatory to form family kitchen ",/online-applications/applicationDetails.do?keyVal=ZZZY9UBZSK258&activeTab=summary
"House extension ",/online-applications/applicationDetails.do?keyVal=ZZZY9UBZSK253&activeTab=summary
"Erection of office/warehouse ",/online-applications/applicationDetails.do?keyVal=ZZZY9UBZSK259&activeTab=summary
"Formation of Decking ",/online-applications/applicationDetails.do?keyVal=ZZZY9UBZSK254&activeTab=summary
"Proposed extension to existing building ",/online-applications/applicationDetails.do?keyVal=ZZZY9UBZSK255&activeTab=summary
"House extension and domestic garage ",/online-applications/applicationDetails.do?keyVal=ZZZY9UBZSK262&activeTab=summary
"Replacement windows ",/online-applications/applicationDetails.do?keyVal=ZZZY9UBZSK263&activeTab=summary
"Proposed new social housing development of 20x2 bedroom flats and associated parking ",/online-applications/applicationDetails.do?keyVal=ZZZY9UBZSK257&activeTab=summary
"Fix outer storm doors in the 'open' position, replace the internal (non-original) doors with secure outward opening doors to match outer storm doors ",/online-applications/applicationDetails.do?keyVal=ZZZY9UBZSK265&activeTab=summary
"Alterations to shopfront (removal of doorway and replacement windows,fascias and stall riser). ",/online-applications/applicationDetails.do?keyVal=ZZZY9UBZSK289&activeTab=summary
"Retrospective permission for altered roof to garage ",/online-applications/applicationDetails.do?keyVal=ZZZY9UBZSK281&activeTab=summary
"House extension ",/online-applications/applicationDetails.do?keyVal=ZZZY9UBZSK311&activeTab=summary
"Replacement windows ",/online-applications/applicationDetails.do?keyVal=ZZZY9UBZSK282&activeTab=summary
"House extension, domestic garage, driveway and dormer window ",/online-applications/applicationDetails.do?keyVal=ZZZY9UBZSK285&activeTab=summary
"House extension ",/online-applications/applicationDetails.do?keyVal=ZZZY9UBZSK286&activeTab=summary
Erection of car park ticket machines,/online-applications/applicationDetails.do?keyVal=ZZZY9UBZSK287&activeTab=summary
Erection of 3 storey office extension to rear of property and demolition of existing garage,/online-applications/applicationDetails.do?keyVal=ZZZY9UBZSK288&activeTab=summary
"House extension ",/online-applications/applicationDetails.do?keyVal=ZZZY9UBZSK279&activeTab=summary
"Formation of rooflight, replacement windows and dormer window ",/online-applications/applicationDetails.do?keyVal=ZZZY9UBZSK208&activeTab=summary
"Fuel Storage tank ",/online-applications/applicationDetails.do?keyVal=ZZZY9UBZSK278&activeTab=summary
"Erection of a sun lounge ",/online-applications/applicationDetails.do?keyVal=ZZZY9UBZSK283&activeTab=summary
"Replacement windows and rooflights ",/online-applications/applicationDetails.do?keyVal=ZZZY9UBZSK267&activeTab=summary
"Replacement windows ",/online-applications/applicationDetails.do?keyVal=ZZZY9UBZSK266&activeTab=summary
"House extension ",/online-applications/applicationDetails.do?keyVal=ZZZY9UBZSK280&activeTab=summary
"Variation of condition No.3 of Ref A8/1848 to allow trading on Sundaysbetween 11.45 and 22.00 ",/online-applications/applicationDetails.do?keyVal=ZZZY9UBZSK291&activeTab=summary
"Proposed change of use to extend the licensed premises known as 'BugsyBrowns'7-9 Windmill Brae by incorporating into it the existing hot food take-away premises at ground floor level and basement level at 5 Windmill Brae ",/online-applications/applicationDetails.do?keyVal=ZZZY9UBZSK290&activeTab=summary
"House extension ",/online-applications/applicationDetails.do?keyVal=ZZZY9UBZSK293&activeTab=summary
"Variation of condition No.3 of Ref A8/1848 to allow trading on Sundaysbetween 11.45 and 22.00 ",/online-applications/applicationDetails.do?keyVal=ZZZY9UBZSK291&activeTab=summary
"House extension and rooflight ",/online-applications/applicationDetails.do?keyVal=ZZZY9UBZSK343&activeTab=summary
Erection of 3 storey office extension to rear of property anddemolition of existing garage,/online-applications/applicationDetails.do?keyVal=ZZZY9UBZSK264&activeTab=summary
"House extension, porch ",/online-applications/applicationDetails.do?keyVal=ZZZY9UBZSK299&activeTab=summary
"House extension ",/online-applications/applicationDetails.do?keyVal=ZZZY9UBZSK300&activeTab=summary
"House extension ",/online-applications/applicationDetails.do?keyVal=ZZZY9UBZSK303&activeTab=summary
"Vary conditions No.s 6 & 7 of the Approved appeal decision on PlanningApplication (Ref A7/1722) for change of use from newsagents to pizza/baked potato outlet to allow for change in business hours anddelivery service. ",/online-applications/applicationDetails.do?keyVal=ZZZY9UBZSK294&activeTab=summary
"House extension and formation of a dormer window ",/online-applications/applicationDetails.do?keyVal=ZZZY9UBZSK312&activeTab=summary
"House extension ",/online-applications/applicationDetails.do?keyVal=ZZZY9UBZSK582&activeTab=summary
"House extension ",/online-applications/applicationDetails.do?keyVal=ZZZY9UBZSK301&activeTab=summary
"House extension ",/online-applications/applicationDetails.do?keyVal=ZZZY9UBZSK298&activeTab=summary
Formation of rooflight,/online-applications/applicationDetails.do?keyVal=ZZZY9UBZSK345&activeTab=summary
"Attic and rear extension ",/online-applications/applicationDetails.do?keyVal=ZZZY9UBZSK347&activeTab=summary
"Alteration and extension ",/online-applications/applicationDetails.do?keyVal=ZZZY9UBZSK348&activeTab=summary
"House extension ",/online-applications/applicationDetails.do?keyVal=ZZZY9UBZSK346&activeTab=summary
"Extension to premises ",/online-applications/applicationDetails.do?keyVal=ZZZY9UBZSK356&activeTab=summary
Alter existing maisonette flat to provide 1 single flatted dwelling with dormer roof extensions,/online-applications/applicationDetails.do?keyVal=ZZZY9UBZSK354&activeTab=summary
"House extension ",/online-applications/applicationDetails.do?keyVal=ZZZY9UBZSK353&activeTab=summary
"Dormer window extension ",/online-applications/applicationDetails.do?keyVal=ZZZY9UBZSK352&activeTab=summary
"Conversion of existing buildings to form 47 flats and 5 town housesand erection of 40 new build flats with associated demolitions, carpark and landscape works ",/online-applications/applicationDetails.do?keyVal=ZZZY9UBZSK351&activeTab=summary
"Conversion of existing buildings to form 47 flats and 5 town houses and erection of 40 new build flats with associated demolitions, caraprk and landscape works ",/online-applications/applicationDetails.do?keyVal=ZZZY9UBZSK350&activeTab=summary
