﻿Postcode,District,Country,URL,Search URL
AB1 0AA,Aberdeen City,Scotland,https://www.gov.uk/search-register-planning-decisions/aberdeen,https://publicaccess.aberdeencity.gov.uk/online-applications/search.do?action=simple
AB1 0AE,Aberdeenshire,Scotland,https://www.gov.uk/search-register-planning-decisions/aberdeenshire,https://upa.aberdeenshire.gov.uk/online-applications/simpleSearchResults.do?action=firstPage
AB3 1QN,Angus,Scotland,https://www.angus.gov.uk/,https://planning.angus.gov.uk/online-applications/search.do?action=simple&searchType=Application
AB3 9AA,Moray,Scotland,https://www.gov.uk/search-register-planning-decisions/moray,https://publicaccess.moray.gov.uk/eplanning/search.do?action=weeklyList
AB3 9HR,Highland,Scotland,https://www.gov.uk/search-register-planning-decisions/highland,https://wam.highland.gov.uk/wam/search.do?action=weeklyList
AL1 1AA,St Albans,England,https://www.gov.uk/search-register-planning-decisions/st-albans,
AL10 0AA,Welwyn Hatfield,England,https://www.gov.uk/search-register-planning-decisions/welwyn-hatfield,
AL2 1BB,Hertsmere,England,https://www.gov.uk/search-register-planning-decisions/hertsmere,
AL3 7AW,Dacorum,England,https://www.gov.uk/search-register-planning-decisions/dacorum,https://planning.dacorum.gov.uk/publicaccess/search.do?action=weeklyList
AL3 8QE,Central Bedfordshire,England,https://www.gov.uk/search-register-planning-decisions/central-bedfordshire,
AL4 8HE,North Hertfordshire,England,https://www.gov.uk/search-register-planning-decisions/north-hertfordshire,https://pa2.north-herts.gov.uk/online-applications/
AL6 0AA,East Hertfordshire,England,https://www.gov.uk/search-register-planning-decisions/east-hertfordshire,https://publicaccess.eastherts.gov.uk/online-applications/search.do?action=weeklyList
B1 1AA,Birmingham,England,https://www.gov.uk/search-register-planning-decisions/birmingham,https://eplanning.birmingham.gov.uk/Northgate/PlanningExplorer/GeneralSearch.aspx
B14 4LJ,Solihull,England,https://www.gov.uk/search-register-planning-decisions/solihull,https://publicaccess.solihull.gov.uk/online-applications/search.do?action=weeklyList
B14 5SL,Bromsgrove,England,https://www.gov.uk/search-register-planning-decisions/bromsgrove,https://publicaccess.bromsgroveandredditch.gov.uk/online-applications/search.do?action=weeklyList
B16 0NA,Sandwell,England,https://www.gov.uk/search-register-planning-decisions/sandwell,https://webcaps.sandwell.gov.uk/publicaccess/search.do?action=weeklyList
B43 7AJ,Walsall,England,https://www.gov.uk/search-register-planning-decisions/walsall,
B46 1AA,North Warwickshire,England,https://www.gov.uk/search-register-planning-decisions/north-warwickshire,
B47 6DB,Stratford-on-Avon,England,https://www.gov.uk/search-register-planning-decisions/stratford-on-avon,https://apps.stratford.gov.uk/EPlanning/SystemUnavailable.aspx
B49 5JH,Wychavon,England,https://www.gov.uk/search-register-planning-decisions/wychavon,
B62 0AA,Dudley,England,https://www.gov.uk/search-register-planning-decisions/dudley,
B74 3AA,Lichfield,England,https://www.gov.uk/search-register-planning-decisions/lichfield,https://planning.lichfielddc.gov.uk/online-applications/search.do?action=weeklyList
B77 1AA,Tamworth,England,https://www.gov.uk/search-register-planning-decisions/tamworth,
B79 0PJ,North West Leicestershire,England,https://www.gov.uk/search-register-planning-decisions/north-west-leicestershire,https://plans.nwleics.gov.uk/public-access/search.do?action=weeklyList
B80 7BH,Redditch,England,https://www.gov.uk/search-register-planning-decisions/redditch,
B93 0BB,Warwick,England,https://www.gov.uk/search-register-planning-decisions/warwick,https://planningdocuments.warwickdc.gov.uk/online-applications/search.do?action=weeklyList
BA1 0AA,Bath and North East Somerset,England,https://www.gov.uk/search-register-planning-decisions/bath-and-north-east-somerset,https://www.bathnes.gov.uk/webforms/planning/search.html#weeklyList
BA1 1GQ,Wiltshire,England,https://www.gov.uk/search-register-planning-decisions/wiltshire,
BA1 8AQ,South Gloucestershire,England,https://www.gov.uk/search-register-planning-decisions/south-gloucestershire,https://developments.southglos.gov.uk/online-applications/search.do?action=weeklyList
BA10 0AA,South Somerset,England,https://www.gov.uk/search-register-planning-decisions/south-somerset,https://publicaccess.southsomerset.gov.uk/online-applications/search.do?action=weeklyList
BA10 0JW,Mendip,England,https://www.gov.uk/search-register-planning-decisions/mendip,
BA21 5BN,Dorset,England,https://www.gov.uk/search-register-planning-decisions/dorset,
BA5 1PN,Sedgemoor,England,https://www.gov.uk/search-register-planning-decisions/sedgemoor,
BB0 1GR,Blackburn with Darwen,England,https://www.gov.uk/search-register-planning-decisions/blackburn-with-darwen,http://epicpublic.planningni.gov.uk/publicaccess/search.do?action=simple&searchType=Application
BB1 2BY,Hyndburn,England,https://www.gov.uk/search-register-planning-decisions/hyndburn,
BB1 2PQ,Rossendale,England,https://www.gov.uk/search-register-planning-decisions/rossendale,https://publicaccess.rossendale.gov.uk/online-applications/search.do?action=weeklyList
BB1 4AE,Ribble Valley,England,https://www.gov.uk/search-register-planning-decisions/ribble-valley,
BB10 1AA,Burnley,England,https://www.gov.uk/search-register-planning-decisions/burnley,
BB10 2AQ,Pendle,England,https://www.gov.uk/search-register-planning-decisions/pendle,https://publicaccess.pendle.gov.uk/online-applications/search.do?action=weeklyList
BB18 6JH,Craven,England,https://www.gov.uk/search-register-planning-decisions/craven,https://publicaccess.cravendc.gov.uk/online-applications/search.do?action=weeklyList
BB2 5HZ,Chorley,England,https://www.gov.uk/search-register-planning-decisions/chorley,https://planning.chorley.gov.uk/online-applications/search.do?action=weeklyList
BB2 7FT,South Ribble,England,https://www.gov.uk/search-register-planning-decisions/south-ribble,https://publicaccess.southribble.gov.uk/online-applications/search.do?action=weeklyList
BD1 1AA,Bradford,England,https://www.gov.uk/search-register-planning-decisions/bradford,https://planning.bradford.gov.uk/online-applications/search.do?action=advanced
BD1 1JS,Leeds,England,https://www.gov.uk/search-register-planning-decisions/leeds,https://publicaccess.leeds.gov.uk/online-applications/search.do?action=weeklyList
BD11 1JR,Kirklees,England,https://www.gov.uk/search-register-planning-decisions/kirklees,https://www.kirklees.gov.uk/beta/planning-applications/search-for-planning-applications/default.aspx
BD13 1LT,Calderdale,England,https://www.gov.uk/search-register-planning-decisions/calderdale,https://portal.calderdale.gov.uk/online-applications/search.do?action=weeklyList
BD23 6JP,Harrogate,England,https://www.gov.uk/search-register-planning-decisions/harrogate,https://uniformonline.harrogate.gov.uk/online-applications/search.do?action=weeklyList
BH1 1AA,"Bournemouth, Christchurch and Poole",England,https://www.bournemouth.gov.uk/,https://www.bournemouth.gov.uk/planningbuilding/CurrentPlanningApplications/PlanningList.aspx
BH11,Poole,England,https://www.poole.gov.uk/,https://boppa.poole.gov.uk/online-applications/search.do?action=weeklyList
BH21 6AS,New Forest,England,https://www.gov.uk/search-register-planning-decisions/new-forest,https://planning.newforest.gov.uk/online-applications/search.do?action=weeklyList
BL0 0AA,Bury,England,https://www.gov.uk/search-register-planning-decisions/bury,https://planning.bury.gov.uk/online-applications/search.do?action=weeklyList
BL1 1AA,Bolton,England,https://www.gov.uk/search-register-planning-decisions/bolton,https://www.planningpa.bolton.gov.uk/online-applications-17/search.do?action=advanced
BL4 9LW,Salford,England,https://www.gov.uk/search-register-planning-decisions/salford,http://publicaccess.salford.gov.uk/publicaccess/search.do?action=weeklyList
BL9 0RF,Rochdale,England,https://www.gov.uk/search-register-planning-decisions/rochdale,http://publicaccess.rochdale.gov.uk/online-applications/search.do?action=weeklyList
BN1 1AA,Brighton and Hove,England,https://www.gov.uk/search-register-planning-decisions/brighton-and-hove,https://planningapps.brighton-hove.gov.uk/online-applications/search.do?action=weeklyList
BN1 8YL,Mid Sussex,England,https://www.gov.uk/search-register-planning-decisions/mid-sussex,https://pa.midsussex.gov.uk/online-applications/search.do?action=weeklyList
BN1 9BT,Lewes,England,https://www.gov.uk/search-register-planning-decisions/lewes,https://planningpa.lewes.gov.uk/online-applications/search.do?action=weeklyList
BN11 1AA,Worthing,England,https://www.gov.uk/search-register-planning-decisions/worthing,https://planning.adur-worthing.gov.uk/online-applications/search.do?action=weeklyList
BN11 1LW,Horsham,England,https://www.gov.uk/search-register-planning-decisions/horsham,https://public-access.horsham.gov.uk/public-access/search.do?action=weeklyList
BN11 1YA,Arun,England,https://www.gov.uk/search-register-planning-decisions/arun,https://www.arun.gov.uk/weekly-lists
BN14 9JU,Adur,England,https://www.adur-worthing.gov.uk/planning/applications/view/,https://planning.adur-worthing.gov.uk/online-applications/
BN18 0SS,Chichester,England,https://www.gov.uk/search-register-planning-decisions/chichester,https://publicaccess.chichester.gov.uk/online-applications/search.do?action=weeklyList
BN20 0AA,Wealden,England,https://www.gov.uk/search-register-planning-decisions/wealden,https://planning.wealden.gov.uk/
BN20 0AD,Eastbourne,England,https://www.gov.uk/search-register-planning-decisions/eastbourne,https://www.lewes-eastbourne.gov.uk/planning/
BN24 6AW,Rother,England,https://www.gov.uk/search-register-planning-decisions/rother,https://planweb01.rother.gov.uk/OcellaWeb/planningSearch
BR1 1AA,Bromley,England,https://www.gov.uk/search-register-planning-decisions/bromley,https://searchapplications.bromley.gov.uk/online-applications/search.do?action=weeklyList
BR1 4BY,Lewisham,England,https://www.gov.uk/search-register-planning-decisions/lewisham,https://planning.lewisham.gov.uk/online-applications/search.do?action=weeklyList
BR1 5SP,Lambeth,England,https://www.gov.uk/search-register-planning-decisions/lambeth,https://planning.lambeth.gov.uk/online-applications/search.do?action=weeklyList
BR3 3BZ,Croydon,England,https://www.gov.uk/search-register-planning-decisions/croydon,https://publicaccess3.croydon.gov.uk/online-applications/search.do?action=weeklyList
BR6 7NZ,Sevenoaks,England,https://www.gov.uk/search-register-planning-decisions/sevenoaks,
BR7 6DN,Greenwich,England,https://www.gov.uk/search-register-planning-decisions/greenwich,
BR8 7PF,Dartford,England,https://www.gov.uk/search-register-planning-decisions/dartford,
BS0 1ZZ,North Somerset,England,https://www.gov.uk/search-register-planning-decisions/north-somerset,
BS1 1AA,"Bristol, City of",England,https://www.gov.uk/search-register-planning-decisions/bristol,https://planningonline.bristol.gov.uk/online-applications/search.do?action=weeklyList
BT13 1NX,Antrim and Newtownabbey,Northern Ireland,https://antrimandnewtownabbey.gov.uk/,https://antrimandnewtownabbey.gov.uk/residents/planning/planning-applications/weekly-applications/2019/
BT16 0AA,Lisburn and Castlereagh,Northern Ireland,https://www.gov.uk/search-register-planning-decisions/lisburn-castlereagh,
BT16 0TY,Ards and North Down,Northern Ireland,http://www.ardsandnorthdown.gov.uk/,http://epicpublic.planningni.gov.uk/publicaccess/simpleSearchResults.do?action=firstPage
BT23 6TF,"Newry, Mourne and Down",Northern Ireland,https://www.gov.uk/search-register-planning-decisions/newry-mourne-down,
BT25 1AA,"Armagh City, Banbridge and Craigavon",Northern Ireland,https://www.gov.uk/search-register-planning-decisions/armagh-banbridge-craigavon,http://epicpublic.planningni.gov.uk/publicaccess/search.do?action=simple
BT35 8WA,Causeway Coast and Glens,Northern Ireland,https://www.gov.uk/search-register-planning-decisions/causeway-coast-and-glens,
BT36 5BP,Mid and East Antrim,Northern Ireland,https://www.gov.uk/search-register-planning-decisions/mid-and-east-antrim,
BT41 3SB,Mid Ulster,Northern Ireland,https://www.gov.uk/search-register-planning-decisions/mid-ulster,
BT42 2YA,Derry City and Strabane,Northern Ireland,https://www.gov.uk/search-register-planning-decisions/derry-strabane,
BT70 2AL,Fermanagh and Omagh,Northern Ireland,https://www.gov.uk/search-register-planning-decisions/fermanagh-omagh,
CA1 1AA,Carlisle,England,https://www.gov.uk/search-register-planning-decisions/carlisle,
CA10 1AA,Eden,England,https://www.gov.uk/search-register-planning-decisions/eden,
CA12 4AA,Allerdale,England,https://www.allerdale.gov.uk/en/planning-building-control/planning-applications/,https://planning.allerdale.gov.uk/portal/servlets/ApplicationSearchServlet
CA14 4AB,Copeland,England,https://www.gov.uk/search-register-planning-decisions/copeland,
CA6 5AA,Dumfries and Galloway,Scotland,https://www.gov.uk/search-register-planning-decisions/dumfries-and-galloway,
CA6 7BB,Northumberland,England,https://www.gov.uk/search-register-planning-decisions/northumberland,
CB1 0AA,Cambridge,England,https://www.gov.uk/search-register-planning-decisions/cambridge,https://applications.greatercambridgeplanning.org/online-applications/search.do?action=weeklyList
CB1 0AR,Peterborough,England,https://www.gov.uk/search-register-planning-decisions/peterborough,
CB1 0SN,South Cambridgeshire,England,https://www.gov.uk/search-register-planning-decisions/south-cambridgeshire,
CB1 6NU,Uttlesford,England,https://www.gov.uk/search-register-planning-decisions/uttlesford,
CB10 1RT,East Cambridgeshire,England,https://www.gov.uk/search-register-planning-decisions/east-cambridgeshire,
CB3 8AS,Huntingdonshire,England,https://www.gov.uk/search-register-planning-decisions/huntingdonshire,
CB6 1EH,King's Lynn and West Norfolk,England,https://www.gov.uk/search-register-planning-decisions/kings-lynn-and-west-norfolk,
CB6 2AY,Fenland,England,https://www.gov.uk/search-register-planning-decisions/fenland,
CB7 5GJ,West Suffolk,England,https://www.gov.uk/search-register-planning-decisions/west-suffolk,
CB9 7AB,Braintree,England,https://www.gov.uk/search-register-planning-decisions/braintree,https://publicaccess.braintree.gov.uk/online-applications/search.do?action=weeklyList
CF1 1AA,Cardiff,Wales,https://www.gov.uk/search-register-planning-decisions/cardiff,
CF1 1HG,Rhondda Cynon Taf,Wales,https://www.gov.uk/search-register-planning-decisions/rhondda-cynon-taff,
CF1 1RD,Vale of Glamorgan,Wales,https://www.gov.uk/search-register-planning-decisions/vale-of-glamorgan,
CF14 0LB,Caerphilly,Wales,https://www.gov.uk/search-register-planning-decisions/caerphilly,https://publicaccess.caerphilly.gov.uk/PublicAccess/search.do?action=weeklyList
CF23 5XB,Newport,Wales,https://www.gov.uk/search-register-planning-decisions/newport,
CF31 1AA,Bridgend,Wales,https://www.gov.uk/search-register-planning-decisions/bridgend,http://planning.bridgend.gov.uk/
CF33 6PS,Neath Port Talbot,Wales,https://www.gov.uk/search-register-planning-decisions/neath-port-talbot,
CF44 0LX,Merthyr Tydfil,Wales,https://www.gov.uk/search-register-planning-decisions/merthyr-tydfil,
CF44 9JB,Powys,Wales,https://www.gov.uk/search-register-planning-decisions/powys,
CH1 1AA,Cheshire West and Chester,England,https://www.gov.uk/search-register-planning-decisions/cheshire-west-and-chester,
CH1 4QL,Flintshire,Wales,https://www.gov.uk/search-register-planning-decisions/flintshire,
CH25 9AA,Wirral,England,https://www.gov.uk/search-register-planning-decisions/wirral,
CH3 9PE,Cheshire East,England,https://www.gov.uk/search-register-planning-decisions/cheshire-east,
CH7 4BF,Denbighshire,Wales,https://www.gov.uk/search-register-planning-decisions/denbighshire,
CM0 7AA,Maldon,England,https://www.gov.uk/search-register-planning-decisions/maldon,
CM1 1AA,Chelmsford,England,https://www.gov.uk/search-register-planning-decisions/chelmsford,
CM1 2DQ,Epping Forest,England,https://www.gov.uk/search-register-planning-decisions/epping-forest,
CM11 1AA,Basildon,England,https://www.gov.uk/search-register-planning-decisions/basildon,https://planning.basildon.gov.uk/online-applications/search.do?action=weeklyList
CM12 0TU,Brentwood,England,https://www.gov.uk/search-register-planning-decisions/brentwood,https://publicaccess.brentwood.gov.uk/online-applications/search.do?action=weeklyList
CM13 3EL,Thurrock,England,https://www.gov.uk/search-register-planning-decisions/thurrock,
CM13 3JA,Havering,England,https://www.gov.uk/search-register-planning-decisions/havering,
CM17 0AA,Harlow,England,https://www.gov.uk/search-register-planning-decisions/harlow,
CM23 3WE,Camden,England,https://www.gov.uk/search-register-planning-decisions/camden,
CM9 8HG,Colchester,England,https://www.gov.uk/search-register-planning-decisions/colchester,
CO1 1FU,Tendring,England,https://www.gov.uk/search-register-planning-decisions/tendring,
CO10 0AA,Babergh,England,https://www.gov.uk/search-register-planning-decisions/babergh,https://planning.baberghmidsuffolk.gov.uk/online-applications/search.do?action=advanced
CR0 3AQ,Sutton,England,https://www.gov.uk/search-register-planning-decisions/sutton,
CR2 5ER,Tandridge,England,https://www.gov.uk/search-register-planning-decisions/tandridge,
CR3 1NN,Reigate and Banstead,England,https://www.gov.uk/search-register-planning-decisions/reigate-and-banstead,
CR4 1AA,Merton,England,https://www.gov.uk/search-register-planning-decisions/merton,
CT1 1AA,Canterbury,England,https://www.gov.uk/search-register-planning-decisions/canterbury,
CT10 1AA,Thanet,England,https://www.gov.uk/search-register-planning-decisions/thanet,
CT13 0AA,Dover,England,https://www.gov.uk/search-register-planning-decisions/dover,
CT15 7EZ,Folkestone and Hythe,England,https://www.gov.uk/search-register-planning-decisions/folkestone-hythe,
CT2 9JX,Swale,England,https://www.gov.uk/search-register-planning-decisions/swale,
CT4 7DE,Ashford,England,https://www.gov.uk/search-register-planning-decisions/ashford,http://planning.ashford.gov.uk/planning/Default.aspx?new=true
CV1 1AA,Coventry,England,https://www.gov.uk/search-register-planning-decisions/coventry,
CV10 0AA,Nuneaton and Bedworth,England,https://www.gov.uk/search-register-planning-decisions/nuneaton-and-bedworth,
CV10 0RY,Hinckley and Bosworth,England,https://www.gov.uk/search-register-planning-decisions/hinckley-and-bosworth,
CV11 6QJ,Rugby,England,https://www.gov.uk/search-register-planning-decisions/rugby,
CV23 0AE,Daventry,England,https://www.gov.uk/search-register-planning-decisions/daventry,
CW12 3ND,Staffordshire Moorlands,England,https://www.gov.uk/search-register-planning-decisions/staffordshire-moorlands,
CW2 5PU,Newcastle-under-Lyme,England,https://www.gov.uk/search-register-planning-decisions/newcastle-under-lyme,
CW3 9QW,Shropshire,England,https://www.gov.uk/search-register-planning-decisions/shropshire,
DA1 3LD,Bexley,England,https://www.gov.uk/search-register-planning-decisions/bexley,http://pa.bexley.gov.uk/online-applications/search.do?action=advanced
DA11 0AA,Gravesham,England,https://www.gov.uk/search-register-planning-decisions/gravesham,
DA13 0UB,Tonbridge and Malling,England,https://www.gov.uk/search-register-planning-decisions/tonbridge-and-malling,
DD1 1AA,Dundee City,Scotland,https://www.gov.uk/search-register-planning-decisions/dundee,
DD1 9UZ,Perth and Kinross,Scotland,https://www.gov.uk/search-register-planning-decisions/perth-and-kinross,
DD6 8AA,Fife,Scotland,https://www.gov.uk/search-register-planning-decisions/fife,
DE1 0AA,Derby,England,https://www.gov.uk/search-register-planning-decisions/derby,
DE1 1AT,East Staffordshire,England,https://www.gov.uk/search-register-planning-decisions/east-staffordshire,
DE1 1ZN,South Derbyshire,England,https://www.gov.uk/search-register-planning-decisions/south-derbyshire,
DE1 5PT,Bolsover,England,https://www.gov.uk/search-register-planning-decisions/bolsover,https://planning.bolsover.gov.uk/online-applications/search.do?action=weeklyList
DE2 4GU,Erewash,England,https://www.gov.uk/search-register-planning-decisions/erewash,
DE2 5BA,Amber Valley,England,https://www.ambervalley.gov.uk/planning/development-management/,https://www.ambervalley.gov.uk/planning/development-management/view-a-planning-application/
DE4 1AA,Derbyshire Dales,England,https://www.gov.uk/search-register-planning-decisions/derbyshire-dales,
DE4 5FT,North East Derbyshire,England,https://www.gov.uk/search-register-planning-decisions/north-east-derbyshire,
DE55 4PB,Ashfield,England,https://www.gov.uk/search-register-planning-decisions/ashfield,https://www2.ashfield.gov.uk/cfusion/Planning/plan_findfile.cfm
DE7 2FS,Rushcliffe,England,https://www.gov.uk/search-register-planning-decisions/rushcliffe,
DE7 5TA,Broxtowe,England,https://www.gov.uk/search-register-planning-decisions/broxtowe,
DG10 9SS,South Lanarkshire,Scotland,https://www.gov.uk/search-register-planning-decisions/south-lanarkshire,
DG14 0RU,Scottish Borders,Scotland,https://www.gov.uk/search-register-planning-decisions/scottish-borders,
DG8 6TB,South Ayrshire,Scotland,https://www.gov.uk/search-register-planning-decisions/south-ayrshire,
DH1 1AA,County Durham,England,https://www.gov.uk/search-register-planning-decisions/county-durham,
DH2 1AH,Gateshead,England,https://www.gov.uk/search-register-planning-decisions/gateshead,
DH3 1RB,Sunderland,England,https://www.gov.uk/search-register-planning-decisions/sunderland,
DL1 1AA,Darlington,England,https://www.gov.uk/search-register-planning-decisions/darlington,
DL10 4AA,Richmondshire,England,https://www.gov.uk/search-register-planning-decisions/richmondshire,
DL10 6AS,Hambleton,England,https://www.gov.uk/search-register-planning-decisions/hambleton,
DL2 1HP,Stockton-on-Tees,England,https://www.gov.uk/search-register-planning-decisions/stockton-on-tees,
DL6 3QD,Ryedale,England,https://www.gov.uk/search-register-planning-decisions/ryedale,
DN1 1AA,Doncaster,England,https://www.gov.uk/search-register-planning-decisions/doncaster,
DN1 9AL,North Lincolnshire,England,https://www.gov.uk/search-register-planning-decisions/north-lincolnshire,
DN10 4AA,Bassetlaw,England,https://www.gov.uk/search-register-planning-decisions/bassetlaw,http://publicaccess.bassetlaw.gov.uk/online-applications/search.do?action=weeklyList
DN11 9PH,Rotherham,England,https://www.gov.uk/search-register-planning-decisions/rotherham,
DN14 0AA,East Riding of Yorkshire,England,https://www.gov.uk/search-register-planning-decisions/east-riding-of-yorkshire,
DN14 0BB,Selby,England,https://www.gov.uk/search-register-planning-decisions/selby,
DN17 3AP,West Lindsey,England,https://www.gov.uk/search-register-planning-decisions/west-lindsey,
DN31 1AA,North East Lincolnshire,England,https://www.gov.uk/search-register-planning-decisions/north-east-lincolnshire,
DN36 5AA,East Lindsey,England,https://www.gov.uk/search-register-planning-decisions/east-lindsey,
DN5 7HP,Barnsley,England,https://www.gov.uk/search-register-planning-decisions/barnsley,https://wwwapplications.barnsley.gov.uk/planningexplorermvc
DT7 3EG,East Devon,England,https://www.gov.uk/search-register-planning-decisions/east-devon,
DY10 1AA,Wyre Forest,England,https://www.gov.uk/search-register-planning-decisions/wyre-forest,
DY10 3PA,South Staffordshire,England,https://www.gov.uk/search-register-planning-decisions/south-staffordshire,
DY12 2YH,Malvern Hills,England,https://www.gov.uk/search-register-planning-decisions/malvern-hills,
DY3 1LT,Wolverhampton,England,https://www.gov.uk/search-register-planning-decisions/wolverhampton,
E1 0AA,Tower Hamlets,England,https://www.gov.uk/search-register-planning-decisions/tower-hamlets,
E1 6AN,City of London,England,https://www.gov.uk/search-register-planning-decisions/city-of-london,
E1 6AW,Hackney,England,https://www.gov.uk/search-register-planning-decisions/hackney,
E10 5AA,Waltham Forest,England,https://www.gov.uk/search-register-planning-decisions/waltham-forest,
E11 1PA,Redbridge,England,https://www.gov.uk/search-register-planning-decisions/redbridge,
E11 4WH,Newham,England,https://www.gov.uk/search-register-planning-decisions/newham,
E4 7XB,Enfield,England,https://www.gov.uk/search-register-planning-decisions/enfield,
E8 2BB,Islington,England,https://www.gov.uk/search-register-planning-decisions/islington,
EC4A 2AH,Westminster,England,https://www.gov.uk/search-register-planning-decisions/westminster,
EH1 1AA,City of Edinburgh,Scotland,https://www.gov.uk/search-register-planning-decisions/edinburgh,
EH10 7DP,Midlothian,Scotland,https://www.gov.uk/search-register-planning-decisions/midlothian,
EH14 7JQ,West Lothian,Scotland,https://www.gov.uk/search-register-planning-decisions/west-lothian,
EH21 6AA,East Lothian,Scotland,https://www.gov.uk/search-register-planning-decisions/east-lothian,
EH47 9AF,North Lanarkshire,Scotland,https://www.gov.uk/search-register-planning-decisions/north-lanarkshire,
EH49 6JF,Falkirk,Scotland,https://www.gov.uk/search-register-planning-decisions/falkirk,
EN10 6AA,Broxbourne,England,https://www.gov.uk/search-register-planning-decisions/broxbourne,
EN4 0AD,Barnet,England,https://www.gov.uk/search-register-planning-decisions/barnet,https://publicaccess.barnet.gov.uk/online-applications/search.do?action=advanced
EX1 1AA,Exeter,England,https://www.gov.uk/search-register-planning-decisions/exeter,
EX14 0SR,Mid Devon,England,https://www.gov.uk/search-register-planning-decisions/mid-devon,
EX14 9RE,Somerset West and Taunton,England,https://www.gov.uk/search-register-planning-decisions/somerset-west-taunton,
EX16 8AA,North Devon,England,https://www.gov.uk/search-register-planning-decisions/north-devon,
EX17 5AB,West Devon,England,https://www.gov.uk/search-register-planning-decisions/west-devon,
EX18 7BA,Torridge,England,https://www.gov.uk/search-register-planning-decisions/torridge,
EX2 8UD,Teignbridge,England,https://www.gov.uk/search-register-planning-decisions/teignbridge,
EX22 6FF,Cornwall,England,https://www.gov.uk/search-register-planning-decisions/cornwall,
FK10 1AA,Clackmannanshire,Scotland,https://www.gov.uk/search-register-planning-decisions/clackmannanshire,
FK15 0AA,Stirling,Scotland,https://www.gov.uk/search-register-planning-decisions/stirling,
FK20 8SB,Argyll and Bute,Scotland,https://www.argyll-bute.gov.uk/home,https://publicaccess.argyll-bute.gov.uk/online-applications/search.do?action=simple&searchType=Application
FY0 1BR,Fylde,England,https://www.gov.uk/search-register-planning-decisions/fylde,
FY1 1AA,Blackpool,England,https://www.gov.uk/search-register-planning-decisions/blackpool,https://idoxpa.blackpool.gov.uk/online-applications/search.do?action=weeklyList
FY3 0AF,Wyre,England,https://www.gov.uk/search-register-planning-decisions/wyre,
G1 1AB,Glasgow City,Scotland,https://www.gov.uk/search-register-planning-decisions/glasgow,
G13 4HT,West Dunbartonshire,Scotland,https://www.gov.uk/search-register-planning-decisions/west-dunbartonshire,
G21 1UZ,East Dunbartonshire,Scotland,https://www.gov.uk/search-register-planning-decisions/east-dunbartonshire,
G43 1JT,East Renfrewshire,Scotland,https://www.gov.uk/search-register-planning-decisions/east-renfrewshire,
G51 4BF,Renfrewshire,Scotland,https://www.gov.uk/search-register-planning-decisions/renfrewshire,
G77 6SH,East Ayrshire,Scotland,https://www.gov.uk/search-register-planning-decisions/east-ayrshire,
G78 4BH,North Ayrshire,Scotland,https://www.gov.uk/search-register-planning-decisions/north-ayrshire,
GL1 1AA,Gloucester,England,https://www.gov.uk/search-register-planning-decisions/gloucester,
GL1 1AL,Stroud,England,https://www.gov.uk/search-register-planning-decisions/stroud,
GL12 7PY,Cotswold,England,https://www.gov.uk/search-register-planning-decisions/cotswold,
GL14 1AA,Forest of Dean,England,https://www.gov.uk/search-register-planning-decisions/forest-of-dean,
GL16 8PB,Monmouthshire,Wales,https://www.gov.uk/search-register-planning-decisions/monmouthshire,
GL17 0LS,"Herefordshire, County of",England,https://www.gov.uk/search-register-planning-decisions/herefordshire,
GL19 3BA,Tewkesbury,England,https://www.gov.uk/search-register-planning-decisions/tewkesbury,
GL50 1AA,Cheltenham,England,https://www.gov.uk/search-register-planning-decisions/cheltenham,
GL56 0PF,West Oxfordshire,England,https://www.gov.uk/search-register-planning-decisions/west-oxfordshire,
GL7 3HA,Vale of White Horse,England,https://www.gov.uk/search-register-planning-decisions/vale-of-white-horse,
GU1 1AA,Guildford,England,https://www.gov.uk/search-register-planning-decisions/guildford,
GU10 1BF,Waverley,England,https://www.gov.uk/search-register-planning-decisions/waverley,
GU10 2PJ,East Hampshire,England,https://www.gov.uk/search-register-planning-decisions/east-hampshire,
GU10 5AE,Hart,England,https://www.gov.uk/search-register-planning-decisions/hart,
GU11 1AA,Rushmoor,England,https://www.gov.uk/search-register-planning-decisions/rushmoor,
GU12 5RH,Surrey Heath,England,https://www.gov.uk/search-register-planning-decisions/surrey-heath,
GU15 4DU,Bracknell Forest,England,https://www.gov.uk/search-register-planning-decisions/bracknell-forest,https://planapp.bracknell-forest.gov.uk/online-applications/search.do?action=weeklyList
GU18 5HH,Woking,England,https://www.gov.uk/search-register-planning-decisions/woking,
GU24 8EX,Runnymede,England,https://www.gov.uk/search-register-planning-decisions/runnymede,
GU32 1AP,Winchester,England,https://www.gov.uk/search-register-planning-decisions/winchester,
GU34 4DL,Basingstoke and Deane,England,https://www.gov.uk/search-register-planning-decisions/basingstoke-and-deane,https://planning.basingstoke.gov.uk/online-applications/search.do?action=monthlyList
HA0 1AA,Brent,England,https://www.gov.uk/search-register-planning-decisions/brent,https://pa.brent.gov.uk/online-applications/search.do?action=advanced&searchType=Application
HA0 1AL,Ealing,England,https://www.gov.uk/search-register-planning-decisions/ealing,
HA1 1AA,Harrow,England,https://www.gov.uk/search-register-planning-decisions/harrow,
HA2 9HW,Hillingdon,England,https://www.gov.uk/search-register-planning-decisions/hillingdon,
HA5 4AJ,Three Rivers,England,https://www.gov.uk/search-register-planning-decisions/three-rivers,
HP10 0AA,Wycombe,England,https://www.gov.uk/search-register-planning-decisions/wycombe,
HP10 0JR,South Bucks,England,https://www.gov.uk/search-register-planning-decisions/south-bucks,
HP10 8AA,Chiltern,England,https://www.gov.uk/search-register-planning-decisions/chiltern,
HP14 3YJ,South Oxfordshire,England,https://www.gov.uk/search-register-planning-decisions/south-oxfordshire,
HP16 9PW,Aylesbury Vale,England,https://www.gov.uk/search-register-planning-decisions/aylesbury-vale,https://publicaccess.aylesburyvaledc.gov.uk/online-applications//search.do?action=advanced&searchType=Application
HP18 9UH,Cherwell,England,https://www.gov.uk/search-register-planning-decisions/cherwell,
HP23 4QF,Luton,England,https://www.gov.uk/search-register-planning-decisions/luton,
HS1 2AA,Na h-Eileanan Siar,Scotland,https://www.gov.uk/search-register-planning-decisions/eilean-siar,
HU1 1AA,"Kingston upon Hull, City of",England,https://www.gov.uk/search-register-planning-decisions/kingston-upon-hull,
